{"root": "bone_0", "bones": {"bone_0": {"quat": [0.9999306201934814, 0.009040869772434235, -0.007548093795776367, 0.0], "len": 0.26892566680908203, "child": ["bone_17", "bone_13", "bone_9", "bone_5", "bone_1"], "idx": 0}, "bone_17": {"quat": [0.9680848717689514, 0.24101361632347107, -0.06869066506624222, 0.0023968385066837072], "len": 0.10061881691217422, "child": ["bone_18"], "idx": 17}, "bone_18": {"quat": [0.999361515045166, 0.01794271171092987, 0.025583645328879356, 0.017323767766356468], "len": 0.020848970860242844, "child": ["bone_19"], "idx": 18}, "bone_19": {"quat": [0.999966561794281, 0.00017162240692414343, -0.006998150609433651, -0.004232751205563545], "len": 0.02015077695250511, "child": ["bone_20"], "idx": 19}, "bone_20": {"quat": [0.9999696016311646, -0.00016364947077818215, 0.006672005634754896, 0.004035478457808495], "len": 0.014890173450112343, "child": [], "idx": 20}, "bone_13": {"quat": [0.9913429617881775, 0.12650389969348907, -0.03513181954622269, 0.0012747476575896144], "len": 0.10630425810813904, "child": ["bone_14"], "idx": 13}, "bone_14": {"quat": [0.9983503818511963, -0.022687077522277832, 0.05127806216478348, 0.012343370355665684], "len": 0.030021099373698235, "child": ["bone_15"], "idx": 14}, "bone_15": {"quat": [0.998343288898468, -0.0001811182009987533, -0.05606202408671379, -0.012949684634804726], "len": 0.024925293400883675, "child": ["bone_16"], "idx": 15}, "bone_16": {"quat": [0.999914824962616, 4.110835288884118e-05, 0.012717525474727154, 0.002937604673206806], "len": 0.01947423629462719, "child": [], "idx": 16}, "bone_9": {"quat": [0.9996486902236938, 0.01936289295554161, -0.018098341301083565, -3.495092460070737e-05], "len": 0.11425969004631042, "child": ["bone_10"], "idx": 9}, "bone_10": {"quat": [0.9992830753326416, 0.019881848245859146, 0.03209192678332329, 0.0028486610390245914], "len": 0.03215662017464638, "child": ["bone_11"], "idx": 10}, "bone_11": {"quat": [0.9983481764793396, 0.0002530261699575931, -0.05718495324254036, -0.0055482531897723675], "len": 0.024882903322577477, "child": ["bone_12"], "idx": 11}, "bone_12": {"quat": [0.9999905824661255, -1.909601087390911e-05, 0.0043257493525743484, 0.0004197015077807009], "len": 0.019154494628310204, "child": [], "idx": 12}, "bone_5": {"quat": [0.9951589703559875, -0.0927417129278183, -0.03246054798364639, -0.0019874030258506536], "len": 0.1084822490811348, "child": ["bone_6"], "idx": 5}, "bone_6": {"quat": [0.9994839429855347, -0.0036016812082380056, 0.031420353800058365, -0.005626010708510876], "len": 0.03349970281124115, "child": ["bone_7"], "idx": 6}, "bone_7": {"quat": [0.999994695186615, -0.0014300954062491655, -0.0028777860570698977, 0.00048722518840804696], "len": 0.02345387637615204, "child": ["bone_8"], "idx": 7}, "bone_8": {"quat": [0.9994117021560669, 0.0004206911544315517, -0.033748723566532135, 0.006090094335377216], "len": 0.016878781840205193, "child": [], "idx": 8}, "bone_1": {"quat": [0.9349550604820251, -0.32462117075920105, -0.14291292428970337, -0.007486213929951191], "len": 0.051530398428440094, "child": ["bone_2"], "idx": 1}, "bone_2": {"quat": [0.9956189393997192, -0.05943068116903305, 0.0444478839635849, -0.056879397481679916], "len": 0.03161690756678581, "child": ["bone_3"], "idx": 2}, "bone_3": {"quat": [0.9999707937240601, -0.001346462988294661, -0.005424178671091795, 0.005214777775108814], "len": 0.027238354086875916, "child": ["bone_4"], "idx": 3}, "bone_4": {"quat": [0.9994233250617981, 0.005979797337204218, 0.024096347391605377, -0.023166457191109657], "len": 0.022998299449682236, "child": [], "idx": 4}}}