{
    "root": null,
    "bones": {
      "bone_16": {
        "len": 0.10059555619955063,
        "child": [
          "bone_17"
        ],
        "idx": 16,
        "rest_matrix": [
          [
            -0.9795055985450745,
            -0.14050906896591187,
            0.1443118155002594,
            0
          ],
          [
            0.059496864676475525,
            0.4826682209968567,
            0.8737800121307373,
            0
          ],
          [
            -0.1924287974834442,
            0.8644583821296692,
            -0.46441635489463806,
            0
          ],
          [
            0,
            0,
            0,
            1
          ]
        ],
        "parent": "bone_-1",
        "parent_idx": -1,
        "head": [
          0,
          0,
          0
        ],
        "tail": [
          -0.01413459237664938,
          0.04855428636074066,
          0.08696069568395615
        ]
      },
      "bone_17": {
        "len": 0.020848965272307396,
        "child": [
          "bone_18"
        ],
        "idx": 17,
        "rest_matrix": [
          [
            -0.9910555481910706,
            -0.10654202848672867,
            0.08035878092050552,
            -0.014134588651359081
          ],
          [
            0.013817783445119858,
            0.51700359582901,
            0.8558717370033264,
            0.04855428263545036
          ],
          [
            -0.13273213803768158,
            0.8493267297744751,
            -0.5109070539474487,
            0.08696068078279495
          ],
          [
            0,
            0,
            0,
            1
          ]
        ],
        "parent": "bone_16",
        "parent_idx": 16,
        "head": [
          -0.01413459237664938,
          0.04855428636074066,
          0.08696069568395615
        ],
        "tail": [
          -0.016355883330106735,
          0.059333279728889465,
          0.1046682819724083
        ]
      },
      "bone_18": {
        "len": 0.02014833316206932,
        "child": [
          "bone_19"
        ],
        "idx": 18,
        "rest_matrix": [
          [
            -0.9891805648803711,
            -0.10662809759378433,
            0.10075733065605164,
            -0.016355879604816437
          ],
          [
            0.03154699504375458,
            0.5161389112472534,
            0.8559237122535706,
            0.05933327227830887
          ],
          [
            -0.1432703584432602,
            0.8498416543006897,
            -0.5071907639503479,
            0.1046682670712471
          ],
          [
            0,
            0,
            0,
            1
          ]
        ],
        "parent": "bone_17",
        "parent_idx": 17,
        "head": [
          -0.016355883330106735,
          0.059333279728889465,
          0.1046682819724083
        ],
        "tail": [
          -0.01850426197052002,
          0.06973262131214142,
          0.12179117649793625
        ]
      },
      "bone_19": {
        "len": 0.014890171587467194,
        "child": [],
        "idx": 19,
        "rest_matrix": [
          [
            -0.9908930659294128,
            -0.10654594004154205,
            0.08233220875263214,
            -0.01850425824522972
          ],
          [
            0.01552646979689598,
            0.5169631838798523,
            0.8558667302131653,
            0.06973261386156082
          ],
          [
            -0.13375192880630493,
            0.8493508100509644,
            -0.5106009840965271,
            0.12179116159677505
          ],
          [
            0,
            0,
            0,
            1
          ]
        ],
        "parent": "bone_18",
        "parent_idx": 18,
        "head": [
          -0.01850426197052002,
          0.06973262131214142,
          0.12179117649793625
        ],
        "tail": [
          -0.020090749487280846,
          0.07743029296398163,
          0.134438157081604
        ]
      },
      "bone_12": {
        "len": 0.10639692097902298,
        "child": [
          "bone_13"
        ],
        "idx": 12,
        "rest_matrix": [
          [
            -0.9980311393737793,
            -0.03946012258529663,
            0.04875181242823601,
            0
          ],
          [
            0.03642967715859413,
            0.26802948117256165,
            0.9627216458320618,
            0
          ],
          [
            -0.051056042313575745,
            0.9626022577285767,
            -0.266064316034317,
            0
          ],
          [
            0,
            0,
            0,
            1
          ]
        ],
        "parent": "bone_-1",
        "parent_idx": -1,
        "head": [
          0,
          0,
          0
        ],
        "tail": [
          -0.004198434762656689,
          0.02851751446723938,
          0.10241791605949402
        ]
      },
      "bone_13": {
        "len": 0.029902184382081032,
        "child": [
          "bone_14"
        ],
        "idx": 13,
        "rest_matrix": [
          [
            -0.9930543899536133,
            -0.11760549992322922,
            -0.0034365281462669373,
            -0.004198435693979263
          ],
          [
            -0.03001338616013527,
            0.22497311234474182,
            0.9739025235176086,
            0.02851751074194908
          ],
          [
            -0.11376318335533142,
            0.9672414064407349,
            -0.22694042325019836,
            0.10241791605949402
          ],
          [
            0,
            0,
            0,
            1
          ]
        ],
        "parent": "bone_12",
        "parent_idx": 12,
        "head": [
          -0.004198434762656689,
          0.02851751446723938,
          0.10241791605949402
        ],
        "tail": [
          -0.0077150966972112656,
          0.03524470329284668,
          0.13134054839611053
        ]
      },
      "bone_14": {
        "len": 0.024916796013712883,
        "child": [
          "bone_15"
        ],
        "idx": 14,
        "rest_matrix": [
          [
            -0.9918609261512756,
            -0.1176055371761322,
            0.04879190772771835,
            -0.0077150966972112656
          ],
          [
            0.021244630217552185,
            0.22497321665287018,
            0.9741331934928894,
            0.03524469956755638
          ],
          [
            -0.1255403608083725,
            0.9672414064407349,
            -0.2206438034772873,
            0.13134054839611053
          ],
          [
            0,
            0,
            0,
            1
          ]
        ],
        "parent": "bone_13",
        "parent_idx": 13,
        "head": [
          -0.0077150966972112656,
          0.03524470329284668,
          0.13134054839611053
        ],
        "tail": [
          -0.010645450092852116,
          0.04085031524300575,
          0.15544110536575317
        ]
      },
      "bone_15": {
        "len": 0.01947423815727234,
        "child": [],
        "idx": 15,
        "rest_matrix": [
          [
            -0.9924670457839966,
            -0.11760549992322922,
            0.034321919083595276,
            -0.010645450092852116
          ],
          [
            0.007036104798316956,
            0.22497329115867615,
            0.9743394255638123,
            0.040850311517715454
          ],
          [
            -0.12230922281742096,
            0.9672414064407349,
            -0.22245122492313385,
            0.15544110536575317
          ],
          [
            0,
            0,
            0,
            1
          ]
        ],
        "parent": "bone_14",
        "parent_idx": 14,
        "head": [
          -0.010645450092852116,
          0.04085031524300575,
          0.15544110536575317
        ],
        "tail": [
          -0.012935727834701538,
          0.045231498777866364,
          0.1742773950099945
        ]
      },
      "bone_8": {
        "len": 0.11443814635276794,