{"root": null, "bones": {"bone_16": {"len": 0.10059552639722824, "child": ["bone_17"], "idx": 16, "rest_matrix": [[-0.9795055985450745, -0.1384166181087494, 0.14632010459899902, 0.0], [0.0594969317317009, 0.4951997995376587, 0.8667396306991577, 0.0], [-0.1924288272857666, 0.857681930065155, -0.47681552171707153, 0.0], [0.0, 0.0, 0.0, 1.0]], "parent": "bone_-1", "parent_idx": -1, "head": [0.0, 0.0, 0.0], "tail": [-0.013924090191721916, 0.0498148612678051, 0.08627894520759583]}, "bone_17": {"len": 0.020848967134952545, "child": ["bone_18"], "idx": 17, "rest_matrix": [[-0.9911295175552368, -0.09284945577383041, 0.09508512914180756, -0.013924090191721916], [0.014696460217237473, 0.6345067620277405, 0.7727778553962708, 0.04981487616896629], [-0.13208414614200592, 0.7673203349113464, -0.6275137662887573, 0.08627895265817642], [0.0, 0.0, 0.0, 1.0]], "parent": "bone_16", "parent_idx": 16, "head": [-0.013924090191721916, 0.0498148612678051, 0.08627894520759583], "tail": [-0.015859905630350113, 0.06304366886615753, 0.10227677971124649]}, "bone_18": {"len": 0.02014833875000477, "child": ["bone_19"], "idx": 18, "rest_matrix": [[-0.9889493584632874, -0.09295042604207993, 0.1154959499835968, -0.015859905630350113], [0.030706651508808136, 0.6337258219718933, 0.7729482650756836, 0.06304368376731873], [-0.1450386345386505, 0.7679531574249268, -0.6238685250282288, 0.10227678716182709], [0.0, 0.0, 0.0, 1.0]], "parent": "bone_17", "parent_idx": 17, "head": [-0.015859905630350113, 0.06304366886615753, 0.10227677971124649], "tail": [-0.01773270219564438, 0.0758121907711029, 0.11774975806474686]}, "bone_19": {"len": 0.014890159480273724, "child": [], "idx": 19, "rest_matrix": [[-0.9909376502037048, -0.09285416454076767, 0.09705927968025208, -0.01773270219564438], [0.016239143908023834, 0.6344702839851379, 0.7727769017219543, 0.0758122056722641], [-0.13333678245544434, 0.7673499584197998, -0.6272125840187073, 0.11774976551532745], [0.0, 0.0, 0.0, 1.0]], "parent": "bone_18", "parent_idx": 18, "head": [-0.01773270219564438, 0.0758121907711029, 0.11774975806474686], "tail": [-0.01911531575024128, 0.08525955677032471, 0.12917572259902954]}, "bone_12": {"len": 0.10639693588018417, "child": ["bone_13"], "idx": 12, "rest_matrix": [[-0.9980310797691345, -0.038926027715206146, 0.0491793155670166, 0.0], [0.03642965108156204, 0.278514564037323, 0.9597408771514893, 0.0], [-0.051056064665317535, 0.9596427083015442, -0.27654802799224854, 0.0], [0.0, 0.0, 0.0, 1.0]], "parent": "bone_-1", "parent_idx": -1, "head": [0.0, 0.0, 0.0], "tail": [-0.004141610115766525, 0.02963309921324253, 0.10210306942462921]}, "bone_13": {"len": 0.02990219183266163, "child": ["bone_14"], "idx": 13, "rest_matrix": [[-0.9931163787841797, -0.11647940427064896, 0.012342032045125961, -0.004141610581427813], [-0.03069486655294895, 0.3604888319969177, 0.9322584271430969, 0.02963310107588768], [-0.1130380854010582, 0.9254620671272278, -0.36158257722854614, 0.10210305452346802], [0.0, 0.0, 0.0, 1.0]], "parent": "bone_12", "parent_idx": 12, "head": [-0.004141610115766525, 0.02963309921324253, 0.10210306942462921], "tail": [-0.0076246000826358795, 0.04041250795125961, 0.12977641820907593]}, "bone_14": {"len": 0.024916790425777435, "child": ["bone_15"], "idx": 14, "rest_matrix": [[-0.991093099117279, -0.11647941172122955, 0.0645521804690361, -0.007624600548297167], [0.01837434247136116, 0.36048898100852966, 0.9325825572013855, 0.04041250795125961], [-0.13189703226089478, 0.925462007522583, -0.35513776540756226, 0.12977640330791473], [0.0, 0.0, 0.0, 1.0]], "parent": "bone_13", "parent_idx": 13, "head": [-0.0076246000826358795, 0.04041250795125961, 0.12977641820907593], "tail": [-0.01052689366042614, 0.04939473792910576, 0.15283596515655518]}, "bone_15": {"len": 0.019474240019917488, "child": [], "idx": 15, "rest_matrix": [[-0.9919291138648987, -0.11647938936948776, 0.05009167268872261, -0.01052689366042614], [0.00477204192429781, 0.36048898100852966, 0.9327513575553894, 0.04939473792910576], [-0.12670382857322693, 0.925462007522583, -0.35702353715896606, 0.15283595025539398], [0.0, 0.0, 0.0, 1.0]], "parent": "bone_14", "parent_idx": 14, "head": [-0.01052689366042614, 0.04939473792910576, 0.15283596515655518], "tail": [-0.012795241549611092, 0.05641498789191246, 0.17085863649845123]}, "bone_8": {"len": 0.11443814635276794, "child": ["bone_9"], "idx": 8, "rest_matrix": [[-0.9997117519378662, -0.023372603580355644, 0.005495365709066391, 0.0], [0.004160188138484955, 0.056795813143253326, 0.9983770847320557, 0.0], [-0.02364679053425789, 0.9981119632720947, -0.05668212100863457, 0.0], [0.0, 0.0, 0.0, 1.0]], "parent": "bone_-1", "parent_idx": -1, "head": [0.0, 0.0, 0.0], "tail": [-0.002674718387424946, 0.0064996108412742615, 0.11422213912010193]}, "bone_9": {"len": 0.031975239515304565, "child": ["bone_10"], "idx": 9, "rest_matrix": [[-0.995659351348877, -0.09227104485034943, -0.012193692848086357, -0.002674718154594302], [-0.013351836241781712, 0.01194474846124649, 0.9998394846916199, 0.0064996094442903996], [-0.09211057424545288, 0.9956620931625366, -0.013124808669090271, 0.11422210931777954], [0.0, 0.0, 0.0, 1.0]], "parent": "bone_8", "parent_idx": 8, "head": [-0.002674718387424946, 0.0064996108412742615, 0.11422213912010193], "tail": [-0.005625106859952211, 0.0068815466947853565, 0.14605866372585297]}, "bone_10": {"len": 0.024881960824131966, "child": ["bone_11"], "idx": 10, "rest_matrix": [[-0.9955845475196838, -0.09227114915847778, 0.017252817749977112, -0.005625106394290924], [0.016218774020671844, 0.011944876983761787, 0.9997971057891846, 0.006881545763462782], [-0.09245849400758743, 0.9956620931625366, -0.010395530611276627, 0.14605864882469177], [0.0, 0.0, 0.0, 1.0]], "parent": "bone_9", "parent_idx": 9, "head": [-0.005625106859952211, 0.0068815466947853565, 0.14605866372585297], "tail": [-0.00792099442332983, 0.0071787587366998196, 0.17083269357681274]}, "bone_11": {"len": 0.019154487177729607, "child": [], "idx": 11, "rest_matrix": [[-0.9956685900688171, -0.09227122366428375, 0.011412324383854866, -0.007920993492007256], [0.010353591293096542, 0.011944850906729698, 0.999875009059906, 0.007178757805377245], [-0.09239599108695984, 0.9956620931625366, -0.010937696322798729, 0.17083267867565155], [0.0, 0.0, 0.0, 1.0]], "parent": "bone_10", "parent_idx": 10, "head": [-0.00792099442332983, 0.0071787587366998196, 0.17083269357681274], "tail": [-0.009688402526080608, 0.007407556287944317, 0.1899040937423706]}, "bone_4": {"len": 0.10860341042280197, "child": ["bone_5"], "idx": 4, "rest_matrix": [[-0.9986613392829895, -0.04044676199555397, -0.032242435961961746, 0.0], [-0.023111233487725258, -0.20874430239200592, 0.9776970148086548, 0.0], [-0.04627511650323868, 0.9771332144737244, 0.207530215382576, 0.0], [0.0, 0.0, 0.0, 1.0]], "parent": "bone_-1", "parent_idx": -1, "head": [0.0, 0.0, 0.0], "tail": [-0.004392658360302448, -0.022670352831482887, 0.10612005740404129]}, "bone_5": {"len": 0.033406857401132584, "child": ["bone_6"], "idx": 5, "rest_matrix": [[-0.9959722757339478, -0.08758296072483063, -0.019194994121789932, -0.004392657428979874], [0.006285893730819225, -0.281761109828949, 0.959463894367218, -0.02267034910619259], [-0.08944109082221985, 0.9554784893989563, 0.28117692470550537, 0.1061200276017189], [0.0, 0.0, 0.0, 1.0]], "parent": "bone_4", "parent_idx": 4, "head": [-0.004392658360302448, -0.022670352831482887, 0.10612005740404129], "tail": [-0.007318531163036823, -0.03208310902118683, 0.13803960382938385]}, "bone_6": {"len": 0.023398691788315773, "child": ["bone_7"], "idx": 6, "rest_matrix": [[-0.9961571097373962, -0.08758299797773361, -0.00040860846638679504, -0.007318530231714249], [0.02437923662364483, -0.28176093101501465, 0.9591747522354126, -0.03208310529589653], [-0.08412253856658936, 0.9554785490036011, 0.28281351923942566, 0.13803957402706146], [0.0, 0.0, 0.0, 1.0]], "parent": "bone_5", "parent_idx": 5, "head": [-0.007318531163036823, -0.03208310902118683, 0.13803960382938385],