{"root": null, "bones": {"bone_16": {"len": 0.10059551149606705, "child": ["bone_17"], "idx": 16, "rest_matrix": [[-0.9795056581497192, -0.14050906896591187, 0.14431187510490417, 0.0], [0.059496909379959106, 0.48266828060150146, 0.8737798929214478, 0.0], [-0.1924287974834442, 0.864458441734314, -0.46441641449928284, 0.0], [0.0, 0.0, 0.0, 1.0]], "parent": "bone_-1", "parent_idx": -1, "head": [0.0, 0.0, 0.0], "tail": [-0.014134582132101059, 0.04855426773428917, 0.08696065098047256]}, "bone_17": {"len": 0.020848967134952545, "child": ["bone_18"], "idx": 17, "rest_matrix": [[-0.9910556077957153, -0.10654198378324509, 0.08035881817340851, -0.014134583063423634], [0.013817846775054932, 0.5170037150382996, 0.8558715581893921, 0.04855426773428917], [-0.1327320784330368, 0.8493267893791199, -0.5109071731567383, 0.08696064352989197], [0.0, 0.0, 0.0, 1.0]], "parent": "bone_16", "parent_idx": 16, "head": [-0.014134582132101059, 0.04855426773428917, 0.08696065098047256], "tail": [-0.01635587215423584, 0.05933326110243797, 0.10466823726892471]}, "bone_18": {"len": 0.02014833316206932, "child": ["bone_19"], "idx": 18, "rest_matrix": [[-0.9891806244850159, -0.10662811994552612, 0.10075729340314865, -0.01635587401688099], [0.03154698386788368, 0.5161389112472534, 0.8559236526489258, 0.05933326110243797], [-0.14327029883861542, 0.849841833114624, -0.5071907043457031, 0.10466822981834412], [0.0, 0.0, 0.0, 1.0]], "parent": "bone_17", "parent_idx": 17, "head": [-0.01635587215423584, 0.05933326110243797, 0.10466823726892471], "tail": [-0.018504250794649124, 0.06973259896039963, 0.12179113179445267]}, "bone_19": {"len": 0.014890177175402641, "child": [], "idx": 19, "rest_matrix": [[-0.9908931255340576, -0.10654596239328384, 0.08233221620321274, -0.018504252657294273], [0.015526488423347473, 0.5169633030891418, 0.8558666110038757, 0.06973259896039963], [-0.13375186920166016, 0.8493509888648987, -0.5106009840965271, 0.12179112434387207], [0.0, 0.0, 0.0, 1.0]], "parent": "bone_18", "parent_idx": 18, "head": [-0.018504250794649124, 0.06973259896039963, 0.12179113179445267], "tail": [-0.02009073831140995, 0.07743027061223984, 0.13443811237812042]}, "bone_12": {"len": 0.10639692842960358, "child": ["bone_13"], "idx": 12, "rest_matrix": [[-0.9980311989784241, -0.03929119557142258, 0.04888816922903061, 0.0], [0.036429766565561295, 0.27135950326919556, 0.9617884159088135, 0.0], [-0.05105608329176903, 0.9616758227348328, -0.2693937420845032, 0.0], [0.0, 0.0, 0.0, 1.0]], "parent": "bone_-1", "parent_idx": -1, "head": [0.0, 0.0, 0.0], "tail": [-0.004180462099611759, 0.02887180633842945, 0.10231933742761612]}, "bone_13": {"len": 0.02990218624472618, "child": ["bone_14"], "idx": 13, "rest_matrix": [[-0.9930741190910339, -0.11744359880685806, -0.003293268382549286, -0.004180462099611759], [-0.030230361968278885, 0.22833317518234253, 0.9731136560440063, 0.028871815651655197], [-0.11353400349617004, 0.9664735794067383, -0.23030200600624084, 0.10231934487819672], [0.0, 0.0, 0.0, 1.0]], "parent": "bone_12", "parent_idx": 12, "head": [-0.004180462099611759, 0.02887180633842945, 0.10231933742761612], "tail": [-0.007692281622439623, 0.03569946438074112, 0.13121899962425232]}, "bone_14": {"len": 0.024916797876358032, "child": ["bone_15"], "idx": 14, "rest_matrix": [[-0.9918732047080994, -0.11744360625743866, 0.04893583059310913, -0.007692281156778336], [0.020986292511224747, 0.22833332419395447, 0.9733568429946899, 0.035699475556612015], [-0.12548820674419403, 0.9664735198020935, -0.22401286661624908, 0.1312190145254135], [0.0, 0.0, 0.0, 1.0]], "parent": "bone_13", "parent_idx": 13, "head": [-0.007692281622439623, 0.03569946438074112, 0.13121899962425232], "tail": [-0.010618600063025951, 0.041388798505067825, 0.15530042350292206]}, "bone_15": {"len": 0.01947423443198204, "child": [], "idx": 15, "rest_matrix": [[-0.9924813508987427, -0.11744361370801926, 0.03446582704782486, -0.010618599131703377], [0.0067892782390117645, 0.22833344340324402, 0.9735593795776367, 0.04138880968093872], [-0.12220802903175354, 0.9664735198020935, -0.2258191853761673, 0.15530043840408325], [0.0, 0.0, 0.0, 1.0]], "parent": "bone_14", "parent_idx": 14, "head": [-0.010618600063025951, 0.041388798505067825, 0.15530042350292206], "tail": [-0.012905724346637726, 0.04583541676402092, 0.17412175238132477]}, "bone_8": {"len": 0.11443815380334854, "child": ["bone_9"], "idx": 8, "rest_matrix": [[-0.9997117519378662, -0.023325182497501373, 0.005693385843187571, 0.0], [0.0041602859273552895, 0.06525624543428421, 0.9978598952293396, 0.0], [-0.02364678867161274, 0.9975959658622742, -0.06514038145542145, 0.0], [0.0, 0.0, 0.0, 1.0]], "parent": "bone_-1", "parent_idx": -1, "head": [0.0, 0.0, 0.0], "tail": [-0.002669290639460087, 0.007467800285667181, 0.11416302621364594]}, "bone_9": {"len": 0.03197518736124039, "child": ["bone_10"], "idx": 9, "rest_matrix": [[-0.9956651926040649, -0.09291715919971466, -0.004141286481171846, -0.002669290639460087], [-0.01393201109021902, 0.10497111082077026, 0.9943776726722717, 0.007467803545296192], [-0.09196002036333084, 0.9901251196861267, -0.10581059008836746, 0.11416303366422653], [0.0, 0.0, 0.0, 1.0]], "parent": "bone_8", "parent_idx": 8, "head": [-0.002669290639460087, 0.007467800285667181, 0.11416302621364594], "tail": [-0.005640334449708462, 0.010824271477758884, 0.1458224654197693]}, "bone_10": {"len": 0.02488194964826107, "child": ["bone_11"], "idx": 10, "rest_matrix": [[-0.9953522682189941, -0.09291719645261765, 0.02530168741941452, -0.005640334449708462], [0.015477153472602367, 0.1049712672829628, 0.994354784488678, 0.010824275203049183], [-0.09504859894514084, 0.9901251196861267, -0.10304528474807739, 0.1458224654197693], [0.0, 0.0, 0.0, 1.0]], "parent": "bone_9", "parent_idx": 9, "head": [-0.005640334449708462, 0.010824271477758884, 0.1458224654197693], "tail": [-0.007952295243740082, 0.01343616098165512, 0.17045870423316956]}, "bone_11": {"len": 0.01915450021624565, "child": [], "idx": 11, "rest_matrix": [[-0.9954835176467896, -0.09291716665029526, 0.01946229860186577, -0.007952295243740082], [0.00964379869401455, 0.10497114807367325, 0.9944284558296204, 0.01343616470694542], [-0.0944424420595169, 0.9901251196861267, -0.10360096395015717, 0.17045870423316956], [0.0, 0.0, 0.0, 1.0]], "parent": "bone_10", "parent_idx": 10, "head": [-0.007952295243740082, 0.01343616098165512, 0.17045870423316956], "tail": [-0.009732076898217201, 0.015446830540895462, 0.1894240528345108]}, "bone_4": {"len": 0.10860349982976913, "child": ["bone_5"], "idx": 4, "rest_matrix": [[-0.9986613392829895, -0.04178551211953163, -0.03048768639564514, 0.0], [-0.02311139553785324, -0.1668432503938675, 0.985712468624115, 0.0], [-0.046275168657302856, 0.9850975275039673, 0.165654256939888, 0.0], [0.0, 0.0, 0.0, 1.0]], "parent": "bone_-1", "parent_idx": -1, "head": [0.0, 0.0, 0.0], "tail": [-0.004538053646683693, -0.01811976172029972, 0.10698505491018295]}, "bone_5": {"len": 0.03340687230229378, "child": ["bone_6"], "idx": 5, "rest_matrix": [[-0.995872974395752, -0.09001374989748001, -0.01160677894949913, -0.004538053181022406], [0.004414746537804604, -0.1757783144712448, 0.9844197630882263, -0.01811976172029972], [-0.09065152704715729, 0.9803057909011841, 0.17545031011104584, 0.10698504745960236], [0.0, 0.0, 0.0, 1.0]], "parent": "bone_4", "parent_idx": 4, "head": [-0.004538053646683693, -0.01811976172029972, 0.10698505491018295], "tail": [-0.007545130793005228, -0.023991964757442474, 0.13973399996757507]}, "bone_6": {"len": 0.02339869737625122, "child": ["bone_7"], "idx": 6, "rest_matrix": [[-0.9959146976470947, -0.0900137722492218, 0.007176178507506847, -0.007545130793005228], [0.022978879511356354, -0.17577847838401794, 0.984161376953125, -0.023991964757442474], [-0.08732664585113525, 0.9803057909011841, 0.1771288365125656, 0.13973399996757507], [0.0, 0.0, 0.0, 1.0]], "parent": "bone_5", "parent_idx": 5, "head": [-0.007545130793005228, -0.023991964757442474, 0.13973399996757507],