{"root": null, "bones": {"bone_16": {"len": 0.10059554874897003, "child": ["bone_17"], "idx": 16, "rest_matrix": [[-0.9829529523849487, -0.11144894361495972, 0.14622762799263, 0.0], [0.08138575404882431, 0.44941550493240356, 0.8896079063415527, 0.0], [-0.16486282646656036, 0.8863433599472046, -0.4326840043067932, 0.0], [0.0, 0.0, 0.0, 1.0]], "parent": "bone_-1", "parent_idx": -1, "head": [0.0, 0.0, 0.0], "tail": [-0.011211269535124302, 0.045209210366010666, 0.08916222304105759]}, "bone_17": {"len": 0.020848970860242844, "child": ["bone_18"], "idx": 17, "rest_matrix": [[-0.9937196969985962, -0.07734125107526779, 0.08086692541837692, -0.011211269535124302], [0.03350934013724327, 0.48383718729019165, 0.8745163679122925, 0.04520920664072037], [-0.10676261782646179, 0.8717337250709534, -0.4782068729400635, 0.08916220813989639], [0.0, 0.0, 0.0, 1.0]], "parent": "bone_16", "parent_idx": 16, "head": [-0.011211269535124302, 0.045209210366010666, 0.08916222304105759], "tail": [-0.012823754921555519, 0.05529671907424927, 0.10733697563409805]}, "bone_18": {"len": 0.020148340612649918, "child": ["bone_19"], "idx": 18, "rest_matrix": [[-0.9918332099914551, -0.07742779701948166, 0.10135014355182648, -0.012823754921555519], [0.05162008851766586, 0.48295342922210693, 0.8741232752799988, 0.05529671534895897], [-0.11662883311510086, 0.872215986251831, -0.4750123620033264, 0.10733696073293686], [0.0, 0.0, 0.0, 1.0]], "parent": "bone_17", "parent_idx": 17, "head": [-0.012823754921555519, 0.05529671907424927, 0.10733697563409805], "tail": [-0.014383796602487564, 0.06502743065357208, 0.12491068243980408]}, "bone_19": {"len": 0.01489018090069294, "child": [], "idx": 19, "rest_matrix": [[-0.9935562610626221, -0.07734505087137222, 0.0828472226858139, -0.014383796602487564], [0.03525543212890625, 0.48379597067832947, 0.8744704723358154, 0.06502742320299149], [-0.1077171191573143, 0.871756374835968, -0.4779515862464905, 0.12491066753864288], [0.0, 0.0, 0.0, 1.0]], "parent": "bone_18", "parent_idx": 18, "head": [-0.014383796602487564, 0.06502743065357208, 0.12491068243980408], "tail": [-0.015535478480160236, 0.0722312405705452, 0.13789129257202148]}, "bone_12": {"len": 0.1063968762755394, "child": ["bone_13"], "idx": 12, "rest_matrix": [[-0.9788942337036133, -0.02518576756119728, 0.2028094232082367, 0.0], [0.1951489895582199, 0.1794896125793457, 0.9642096757888794, 0.0], [-0.060686565935611725, 0.9834371209144592, -0.1707863211631775, 0.0], [0.0, 0.0, 0.0, 1.0]], "parent": "bone_-1", "parent_idx": -1, "head": [0.0, 0.0, 0.0], "tail": [-0.0026796888560056686, 0.019097143784165382, 0.10463469475507736]}, "bone_13": {"len": 0.029902175068855286, "child": ["bone_14"], "idx": 13, "rest_matrix": [[-0.9823631048202515, -0.109093077480793, 0.15185946226119995, -0.0026796876918524504], [0.13490980863571167, 0.14880970120429993, 0.9796198606491089, 0.019097140058875084], [-0.1294679045677185, 0.9828295111656189, -0.13146740198135376, 0.10463466495275497], [0.0, 0.0, 0.0, 1.0]], "parent": "bone_12", "parent_idx": 12, "head": [-0.0026796888560056686, 0.019097143784165382, 0.10463469475507736], "tail": [-0.0059418100863695145, 0.02354687824845314, 0.13402344286441803]}, "bone_14": {"len": 0.024916797876358032, "child": ["bone_15"], "idx": 14, "rest_matrix": [[-0.9730175137519836, -0.109093077480793, 0.20331105589866638, -0.00594180915504694], [0.18624058365821838, 0.14880980551242828, 0.9711694717407227, 0.023546874523162842], [-0.13620254397392273, 0.9828295111656189, -0.12447696179151535, 0.13402341306209564], [0.0, 0.0, 0.0, 1.0]], "parent": "bone_13", "parent_idx": 13, "head": [-0.0059418100863695145, 0.02354687824845314, 0.13402344286441803], "tail": [-0.008660061284899712, 0.027254743501544, 0.1585124135017395]}, "bone_15": {"len": 0.019474247470498085, "child": [], "idx": 15, "rest_matrix": [[-0.9758790135383606, -0.109093077480793, 0.18909940123558044, -0.008660059422254562], [0.17205770313739777, 0.1488097608089447, 0.9737822413444519, 0.0272547397762537], [-0.134372740983963, 0.9828294515609741, -0.12645001709461212, 0.15851238369941711], [0.0, 0.0, 0.0, 1.0]], "parent": "bone_14", "parent_idx": 14, "head": [-0.008660061284899712, 0.027254743501544, 0.1585124135017395], "tail": [-0.010784567333757877, 0.030152702704072, 0.1776522845029831]}, "bone_8": {"len": 0.11443803459405899, "child": ["bone_9"], "idx": 8, "rest_matrix": [[-0.9535373449325562, 0.003741379827260971, -0.3012515902519226, 0.0], [-0.3002091348171234, -0.09582751989364624, 0.9490477442741394, 0.0], [-0.02531743422150612, 0.9953908920288086, 0.09249826520681381, 0.0], [0.0, 0.0, 0.0, 1.0]], "parent": "bone_-1", "parent_idx": -1, "head": [0.0, 0.0, 0.0], "tail": [0.0004281564033590257, -0.010966312140226364, 0.11391057819128036]}, "bone_9": {"len": 0.03197518363595009, "child": ["bone_10"], "idx": 9, "rest_matrix": [[-0.9473170042037964, -0.07490196824073792, -0.3114163279533386, 0.0004281561414245516], [-0.3056931793689728, -0.07880938798189163, 0.9488629102706909, -0.010966313071548939], [-0.09561421722173691, 0.9940718412399292, 0.05176039785146713, 0.11391057819128036], [0.0, 0.0, 0.0, 1.0]], "parent": "bone_8", "parent_idx": 8, "head": [0.0004281564033590257, -0.010966312140226364, 0.11391057819128036], "tail": [-0.0019668478053063154, -0.013486256822943687, 0.14569620788097382]}, "bone_10": {"len": 0.02488197200000286, "child": ["bone_11"], "idx": 10, "rest_matrix": [[-0.9561111927032471, -0.07490198314189911, -0.28326839208602905, -0.001966848038136959], [-0.27750205993652344, -0.07880928367376328, 0.9574872255325317, -0.013486257754266262], [-0.0940418615937233, 0.9940718412399292, 0.0545649379491806, 0.14569620788097382], [0.0, 0.0, 0.0, 1.0]], "parent": "bone_9", "parent_idx": 9, "head": [-0.0019668478053063154, -0.013486256822943687, 0.14569620788097382], "tail": [-0.003830556757748127, -0.01544718723744154, 0.17043067514896393]}, "bone_11": {"len": 0.019154492765665054, "child": [], "idx": 11, "rest_matrix": [[-0.9544331431388855, -0.07490202784538269, -0.2888718545436859, -0.0038305572234094143], [-0.2831137180328369, -0.07880928367376328, 0.9558429718017578, -0.015447188168764114], [-0.0943603590130806, 0.9940718412399292, 0.05401235073804855, 0.17043067514896393], [0.0, 0.0, 0.0, 1.0]], "parent": "bone_10", "parent_idx": 10, "head": [-0.003830556757748127, -0.01544718723744154, 0.17043067514896393], "tail": [-0.005265267100185156, -0.016956739127635956, 0.18947161734104156]}, "bone_4": {"len": 0.10860342532396317, "child": ["bone_5"], "idx": 4, "rest_matrix": [[-0.9884490370750427, -0.0033465325832366943, -0.1515163779258728, 0.0], [-0.13884955644607544, -0.3806813955307007, 0.9142221808433533, 0.0], [-0.06073896214365959, 0.9247000217437744, 0.37581953406333923, 0.0], [0.0, 0.0, 0.0, 1.0]], "parent": "bone_-1", "parent_idx": -1, "head": [0.0, 0.0, 0.0], "tail": [-0.00036344461841508746, -0.0413433201611042, 0.10042563080787659]}, "bone_5": {"len": 0.03340683877468109, "child": ["bone_6"], "idx": 5, "rest_matrix": [[-0.9899197816848755, -0.05014113709330559, -0.13245606422424316, -0.00036344496766105294], [-0.10221841931343079, -0.3943997919559479, 0.9132359623908997, -0.041343312710523605], [-0.09803134948015213, 0.9175697565078735, 0.38529881834983826, 0.1004256084561348], [0.0, 0.0, 0.0, 1.0]], "parent": "bone_4", "parent_idx": 4, "head": [-0.00036344461841508746, -0.0413433201611042, 0.10042563080787659], "tail": [-0.0020385023672133684, -0.05451897531747818, 0.13107874989509583]}, "bone_6": {"len": 0.023398688063025475, "child": ["bone_7"], "idx": 6, "rest_matrix": [[-0.9922416806221008, -0.05014116317033768, -0.11376388370990753, -0.002038502600044012], [-0.08497780561447144, -0.39439937472343445, 0.915001392364502, -0.05451896786689758], [-0.0907476544380188, 0.9175698757171631, 0.3870786428451538, 0.13107872009277344], [0.0, 0.0, 0.0, 1.0]], "parent": "bone_5", "parent_idx": 5, "head": [-0.0020385023672133684, -0.05451897531747818, 0.13107874989509583],